<?xml version="1.0" encoding="UTF-8"?>
<!DOCTYPE mapper PUBLIC "-//mybatis.org//DTD Mapper 3.0//EN"
 "http://mybatis.org/dtd/mybatis-3-mapper.dtd">
<mapper namespace="com.imooc.o2o.dao.ShopDao">
	<resultMap type="com.imooc.o2o.entity.Shop" id="shopMap">
		<id column="shop_id" property="shopId" />
		<result column="shop_name" property="shopName" />
		<result column="shop_desc" property="shopDesc" />
		<result column="shop_addr" property="shopAddr" />
		<result column="phone" property="phone" />
		<result column="shop_img" property="shopImg" />
		<result column="priority" property="priority" />
		<result column="create_time" property="createTime" />
		<result column="last_edit_time" property="lastEditTime" />
		<result column="enable_status" property="enableStatus" />
		<result column="advice" property="advice" />
		<association property="area" column="area_id"
			javaType="com.imooc.o2o.entity.Area">
			<id column="area_id" property="areaId" />
			<result column="area_name" property="areaName" />
		</association>
		<association property="shopCategory" column="shop_category_id"
			javaType="com.imooc.o2o.entity.ShopCategory">
			<id column="shop_category_id" property="shopCategoryId" />
			<result column="shop_category_name" property="shopCategoryName" />
		</association>
		<association property="owner" column="user_id"
			javaType="com.imooc.o2o.entity.PersonInfo">
			<id column="user_id" property="userId" />
			<result column="name" property="name" />
		</association>
	</resultMap>
	<!-- 
	List<Shop> queryShopList(@Param("shopCondition") Shop shopCondition,
			@Param("rowIndex") int rowIndex,@Param("pageSize") int pageSize);
	 -->
	<select  id = "queryShopList" resultMap = "shopMap">
	select
        s.shop_id,
        s.shop_name,
		s.shop_desc,
		s.shop_addr,
		s.phone,
		s.shop_img,
		s.priority,
		s.create_time,
		s.last_edit_time,
		s.enable_status,
		s.advice,
		a.area_id,
		a.area_name,
		sc.shop_category_id,
		sc.shop_category_name
	from
	    tb_shop s,
	    tb_area a,
	    tb_shop_category sc
	<where>
	     <if test= "shopCondition.shopCategory!=null and 
	     shopCondition.shopCategory.shopCategoryId!=null">
	        and s.shop_category_id =#{shopCondition.shopCategory.shopCategoryId}
	     </if>
	     <if test="shopCondition.shopCategory!=null 
	     and shopCondition.shopCategory.parent!=null
	      and shopCondition.shopCategory.parent.shopCategoryId!=null">
	       and s.shop_category_id in (select shop_category_id from tb_shop_category
	      where parent_id = #{shopCondition.shopCategory.parent.shopCategoryId})
	     </if>
	      <if test= "shopCondition.area!=null and 
	     shopCondition.area.areaId!=null">
	        and s.area_id =#{shopCondition.area.areaId}
	     </if>
	     <if test= "shopCondition.shopName!=null">
	        and s.shop_name like '%${shopCondition.shopName}%'
	     </if>
	     <if test= "shopCondition.enableStatus!=null">
	        and s.enable_status =#{shopCondition.enableStatus}
	     </if>
	     <if test= "shopCondition.owner!=null and 
	     shopCondition.owner.userId!=null">
	        and s.owner_id =#{shopCondition.owner.userId}
	     </if>
	        and s.area_id = a.area_id
	        and s.shop_category_id=sc.shop_category_id
	</where>
	    order by
	      s.priority desc
	    limit #{rowIndex},#{pageSize};
	</select>
	<select id="queryShopCount" resultType = "int">
	 select
	    count(1)
	 from
	   tb_shop s,
	   tb_area a,
	   tb_shop_category sc
	 <where>
	     <if test= "shopCondition.shopCategory!=null and 
	     shopCondition.shopCategory.shopCategoryId!=null">
	        and s.shop_category_id =#{shopCondition.shopCategory.shopCategoryId}
	     </if>
	     <if test="shopCondition.shopCategory!=null 
	     and shopCondition.shopCategory.parent!=null
	      and shopCondition.shopCategory.parent.shopCategoryId!=null">
	       and s.shop_category_id in (select shop_category_id from tb_shop_category
	      where parent_id = #{shopCondition.shopCategory.parent.shopCategoryId})
	     </if>
	      <if test= "shopCondition.area!=null and 
	     shopCondition.area.areaId!=null">
	        and s.area_id =#{shopCondition.area.areaId}
	     </if>
	     <if test= "shopCondition.shopName!=null">
	        and s.shop_name like '%${shopCondition.shopName}%'
	     </if>
	     <if test= "shopCondition.enableStatus!=null">
	        and s.enable_status =#{shopCondition.enableStatus}
	     </if>
	     <if test= "shopCondition.owner!=null and 
	     shopCondition.owner.userId!=null">
	        and s.owner_id =#{shopCondition.owner.userId}
	     </if>
	        and s.area_id = a.area_id
	        and s.shop_category_id=sc.shop_category_id
	</where>
	   
	</select>
	
    <select id = "queryByShopId" resultMap = "shopMap" parameterType= "Long">
      select
        s.shop_id,
        s.shop_name,
		s.shop_desc,
		s.shop_addr,
		s.phone,
		s.shop_img,
		s.priority,
		s.create_time,
		s.last_edit_time,
		s.enable_status,
		s.advice,
		a.area_id,
		a.area_name,
		sc.shop_category_id,
		sc.shop_category_name
	from
	    tb_shop s,
	    tb_area a,
	    tb_shop_category sc
	 where
	    s.area_id = a.area_id
	 and
	    s.shop_category_id=sc.shop_category_id
	 and 
	    s.shop_id=#{shopId}
      

	</select>
	
	<!-- /** * 新增店铺 * @return */ int insertShop(Shop shop); -->
	<insert id="insertShop" useGeneratedKeys="true" keyColumn="shop_id"
		keyProperty="shopId">
		insert into
		tb_shop
		(owner_id,area_id,shop_category_id,shop_name,
		shop_desc,shop_addr,phone,shop_img,priority,create_time,last_edit_time,
		enable_status,advice)
		values
		(#{owner.userId},#{area.areaId},#{shopCategory.shopCategoryId},#{shopName},
		#{shopDesc},#{shopAddr},#{phone},#{shopImg},#{priority},#{createTime},
		#{lastEditTime},#{enableStatus},#{advice})
	</insert>

	<!-- /** * 更新店铺信息 * @param shop * @return */ int updateShop(Shop shop); -->
	<update id="updateShop" parameterType="com.imooc.o2o.entity.Shop">
		update tb_shop
		<set>
			<if test="shopName!=null">shop_name = #{shopName},</if>
			<if test="shopDesc!=null">shop_desc = #{shopDesc},</if>
			<if test="shopAddr!=null">shop_addr = #{shopAddr},</if>
			<if test="phone!=null">phone = #{phone},</if>
			<if test="shopImg!=null">shop_img = #{shopImg},</if>
			<if test="priority!=null">priority = #{priority},</if>
			<if test="lastEditTime!=null">last_edit_time = #{lastEditTime},</if>
			<if test="enableStatus!=null">enable_status = #{enableStatus},</if>
			<if test="advice!=null">advice = #{advice},</if>
			<if test="area!=null">area_id = #{area.areaId},</if>
			<if test="shopCategory!=null">shop_category_id=#{shopCategory.shopCategoryId}</if>
		</set>
		where shop_id = #{shopId}
	</update>

	


















</mapper>