<?xml version="1.0" encoding="UTF-8"?>
<beans xmlns="http://www.springframework.org/schema/beans"
       xmlns:xsi="http://www.w3.org/2001/XMLSchema-instance"
       xmlns:context="http://www.springframework.org/schema/context"
       xmlns:mvc="http://www.springframework.org/schema/mvc"
       xsi:schemaLocation="http://www.springframework.org/schema/beans
                        http://www.springframework.org/schema/beans/spring-beans-3.1.xsd
                        http://www.springframework.org/schema/context
                        http://www.springframework.org/schema/context/spring-context-3.1.xsd
                        http://www.springframework.org/schema/mvc
                        http://www.springframework.org/schema/mvc/spring-mvc-4.0.xsd">


    <!-- 自动扫描该包，使SpringMVC认为包下用了@controller注解的类是控制器 -->
    <mvc:annotation-driven/>
    
    
    <mvc:resources mapping="/resources/**" location = "/resources/"></mvc:resources>
    <mvc:default-servlet-handler/>


    <context:component-scan base-package="com.imooc.o2o.web">
        
    </context:component-scan>


    <!-- 定义跳转的文件的前后缀 ，视图模式配置-->
    <bean id ="viewResolver"
    class="org.springframework.web.servlet.view.InternalResourceViewResolver">
        <property name="prefix" value="/WEB-INF/html/"/>
        <property name="suffix" value=".html"/>
    </bean>
    <bean id = "multipartResolver" class="org.springframework.web.multipart.commons.CommonsMultipartResolver">
      <property name="defaultEncoding" value ="utf-8"></property>
      <!-- 1024*1024*20 -->
      <property name="maxUploadSize" value ="20971520"></property>
      <property name="maxInMemorySize" value ="20971520"></property>
    </bean>

</beans>